Date,Open,High,Low,Close,Adj Close,Volume
2018-03-19,80.88999938964844,81.44000244140625,79.11000061035156,80.30000305175781,80.30000305175781,9028900
2018-03-20,80.18000030517578,81.19000244140625,80.05400085449219,80.86000061035156,80.86000061035156,7388100
2018-03-21,80.94000244140625,82.3499984741211,80.51000213623047,81.04000091552734,81.04000091552734,6757200
2018-03-22,79.80999755859375,80.12000274658203,78.45999908447266,78.55999755859375,78.55999755859375,9608400
2018-03-23,78.5,78.97000122070312,76.3499984741211,76.44000244140625,76.44000244140625,9569100
2018-03-26,77.9800033569336,79.16999816894531,77.02999877929688,78.94999694824219,78.94999694824219,8682600
2018-03-27,79.58999633789062,79.9000015258789,75.6500015258789,76.30999755859375,76.30999755859375,7980300
2018-03-28,75.69999694824219,76.75,74.73999786376953,75.05999755859375,75.05999755859375,14370300
2018-03-29,75.30999755859375,77.19999694824219,74.55000305175781,75.87000274658203,75.87000274658203,11064300
2018-04-02,75.2300033569336,76.30000305175781,74.01000213623047,75.0,75.0,11417700
2018-04-03,75.27999877929688,75.41000366210938,73.3499984741211,74.55999755859375,74.55999755859375,8886000
2018-04-04,73.0,75.05999755859375,72.5199966430664,74.77999877929688,74.77999877929688,8230800
2018-04-05,75.58999633789062,77.81999969482422,75.4800033569336,76.94999694824219,76.94999694824219,10015700
2018-04-06,75.5199966430664,76.4000015258789,73.69999694824219,73.86000061035156,73.86000061035156,8179100
2018-04-09,74.5999984741211,76.87999725341797,74.5999984741211,75.19000244140625,75.19000244140625,7328400
2018-04-10,76.51000213623047,77.30999755859375,75.80000305175781,76.79000091552734,76.79000091552734,5882500
2018-04-11,76.19999694824219,77.4000015258789,76.08000183105469,76.5,76.5,4581000
2018-04-12,76.80000305175781,77.98999786376953,76.61000061035156,77.45999908447266,77.45999908447266,5034800
2018-04-13,78.0,78.62999725341797,76.83000183105469,77.2699966430664,77.2699966430664,5909900
2018-04-16,77.87999725341797,78.5,77.19000244140625,77.80000305175781,77.80000305175781,5101400
2018-04-17,78.55000305175781,80.43000030517578,78.5,80.02999877929688,80.02999877929688,7135700
2018-04-18,80.0999984741211,80.88999938964844,79.31999969482422,80.33999633789062,80.33999633789062,5943700
2018-04-19,80.19999694824219,80.38999938964844,79.19000244140625,79.68000030517578,79.68000030517578,7122700
2018-04-20,79.22000122070312,79.87000274658203,78.30000305175781,78.7300033569336,78.7300033569336,6265300
2018-04-23,78.86000061035156,79.44999694824219,77.98999786376953,78.20999908447266,78.20999908447266,4038500
2018-04-24,78.9000015258789,79.4000015258789,75.08000183105469,75.27999877929688,75.27999877929688,9186600
2018-04-25,75.38999938964844,75.57499694824219,73.69999694824219,74.0,74.0,10940300
2018-04-26,76.31999969482422,77.62000274658203,75.48999786376953,76.02999877929688,76.02999877929688,13625300
2018-04-27,76.20999908447266,76.38999938964844,73.63500213623047,74.12999725341797,74.12999725341797,9794300
2018-04-30,74.0,75.01899719238281,73.69000244140625,74.61000061035156,74.61000061035156,9444400
2018-05-01,74.1500015258789,74.98999786376953,73.5999984741211,74.80999755859375,74.80999755859375,5660200
2018-05-02,75.0,75.70999908447266,71.20999908447266,71.7300033569336,71.7300033569336,17710700
2018-05-03,71.30000305175781,73.7699966430664,70.22000122070312,73.44999694824219,73.44999694824219,17310700
2018-05-04,73.19000244140625,74.44000244140625,72.2300033569336,73.98999786376953,73.98999786376953,7470800
2018-05-07,74.22000122070312,75.12000274658203,74.0999984741211,74.66999816894531,74.66999816894531,7583700
2018-05-08,74.62000274658203,75.94000244140625,74.44000244140625,75.72000122070312,75.72000122070312,6267200
2018-05-09,76.08000183105469,77.05000305175781,75.45999908447266,77.01000213623047,77.01000213623047,6230500
2018-05-10,77.38999938964844,79.25499725341797,77.25,79.19000244140625,79.19000244140625,11541400
2018-05-11,79.25,79.38999938964844,78.08000183105469,79.19999694824219,79.19999694824219,9871300
2018-05-14,79.13999938964844,79.6500015258789,78.44000244140625,78.80999755859375,78.80999755859375,5821200
2018-05-15,77.8499984741211,78.19999694824219,76.93000030517578,77.79000091552734,77.79000091552734,6173500
2018-05-16,77.5,78.54000091552734,77.27999877929688,77.81999969482422,77.81999969482422,5350200
2018-05-17,77.62999725341797,81.16000366210938,77.58999633789062,79.19000244140625,79.19000244140625,8329500
2018-05-18,79.9000015258789,81.94000244140625,79.82499694824219,80.79000091552734,80.79000091552734,14626900
2018-05-21,81.61000061035156,82.31999969482422,80.37000274658203,81.25,81.25,7882100
2018-05-22,81.38999938964844,81.61000061035156,80.27999877929688,80.62000274658203,80.62000274658203,5188300
2018-05-23,79.66000366210938,81.12000274658203,79.40499877929688,81.08000183105469,81.08000183105469,5059800
2018-05-24,80.91000366210938,83.05999755859375,79.66000366210938,81.55000305175781,81.55000305175781,11696800
2018-05-25,82.6500015258789,82.72000122070312,80.48999786376953,80.95999908447266,80.95999908447266,9471300
2018-05-29,80.70999908447266,81.33999633789062,80.19999694824219,80.7300033569336,80.7300033569336,6924200
2018-05-30,81.16100311279297,82.05999755859375,80.9000015258789,81.5999984741211,81.5999984741211,5516200
2018-05-31,81.80999755859375,82.83000183105469,81.55000305175781,82.06999969482422,82.06999969482422,8250100
2018-06-01,82.55000305175781,83.45999908447266,81.8499984741211,83.25,83.25,7092100
2018-06-04,83.2300033569336,84.80000305175781,82.7699966430664,84.56999969482422,84.56999969482422,7423700
2018-06-05,84.5,85.19999694824219,84.01000213623047,85.05000305175781,85.05000305175781,9033600
2018-06-06,85.05000305175781,85.61000061035156,84.5,85.20999908447266,85.20999908447266,7867200
2018-06-07,85.20999908447266,85.30000305175781,82.30999755859375,83.2699966430664,83.2699966430664,7838600
2018-06-08,83.2300033569336,84.48999786376953,83.1500015258789,84.33999633789062,84.33999633789062,7430900
2018-06-11,84.44999694824219,84.58999633789062,83.79000091552734,83.88999938964844,83.88999938964844,4870400
2018-06-12,83.93000030517578,86.19999694824219,83.875,85.0199966430664,85.0199966430664,9216900
2018-06-13,85.5,86.0,84.68000030517578,85.2699966430664,85.2699966430664,7510300
2018-06-14,85.5,86.29499816894531,85.20999908447266,85.61000061035156,85.61000061035156,6643400
2018-06-15,85.33000183105469,85.69000244140625,84.0999984741211,85.30999755859375,85.30999755859375,8710800
2018-06-18,84.83999633789062,86.19999694824219,84.44000244140625,85.8499984741211,85.8499984741211,5579400
2018-06-19,84.63999938964844,84.95999908447266,83.43000030517578,84.5199966430664,84.5199966430664,6245100
2018-06-20,84.86000061035156,86.97000122070312,84.81999969482422,85.94999694824219,85.94999694824219,9174900
2018-06-21,86.5,87.55000305175781,85.44999694824219,85.97000122070312,85.97000122070312,8101300
2018-06-22,86.31999969482422,86.55999755859375,84.61000061035156,85.12000274658203,85.12000274658203,7503400
2018-06-25,84.08000183105469,84.47000122070312,81.20999908447266,82.19000244140625,82.19000244140625,10780100
2018-06-26,82.68000030517578,83.20999908447266,81.7699966430664,82.31999969482422,82.31999969482422,6742200
2018-06-27,82.55000305175781,82.97000122070312,80.4530029296875,80.66999816894531,80.66999816894531,8974100
2018-06-28,80.38999938964844,82.83000183105469,80.16000366210938,82.4800033569336,82.4800033569336,7374500
2018-06-29,82.75,83.66000366210938,82.61000061035156,83.2699966430664,83.2699966430664,6817000
2018-07-02,82.75,83.95999908447266,82.06199645996094,83.88999938964844,83.88999938964844,4929400
2018-07-03,84.36000061035156,84.9000015258789,83.1500015258789,83.2699966430664,83.2699966430664,3644100
2018-07-05,83.63999938964844,84.63999938964844,83.30000305175781,84.58999633789062,84.58999633789062,5287700
2018-07-06,84.41000366210938,86.0,83.94000244140625,85.94000244140625,85.94000244140625,5095500
2018-07-09,86.5999984741211,86.9000015258789,85.3479995727539,86.2300033569336,86.2300033569336,5683500
2018-07-10,86.72000122070312,86.72000122070312,85.7699966430664,86.16999816894531,86.16999816894531,3723200
2018-07-11,85.47000122070312,86.86000061035156,85.06999969482422,86.25,86.25,4153200
2018-07-12,87.19999694824219,89.19000244140625,86.80000305175781,89.12999725341797,89.12999725341797,6912300
2018-07-13,89.0,89.0999984741211,86.83000183105469,87.98999786376953,87.98999786376953,6106400
2018-07-16,88.26000213623047,88.34100341796875,87.4800033569336,87.7699966430664,87.7699966430664,4452300
2018-07-17,87.25,88.72000122070312,86.58999633789062,88.58000183105469,88.58000183105469,5086100
2018-07-18,88.69999694824219,88.93000030517578,87.68000030517578,88.22000122070312,88.22000122070312,4797100
2018-07-19,88.0,88.58999633789062,87.16000366210938,87.37999725341797,87.37999725341797,5612900
2018-07-20,87.31999969482422,88.0,87.13999938964844,87.47000122070312,87.47000122070312,7541500
2018-07-23,87.13999938964844,89.5999984741211,85.81999969482422,89.23999786376953,89.23999786376953,11759700
2018-07-24,90.5999984741211,92.3499984741211,90.41300201416016,91.41000366210938,91.41000366210938,13369400
2018-07-25,91.12999725341797,92.3499984741211,91.01000213623047,91.37000274658203,91.37000274658203,11976800
2018-07-26,88.51000213623047,90.68000030517578,87.25,89.13999938964844,89.13999938964844,14505600
2018-07-27,89.5,90.27999877929688,84.75,85.45999908447266,85.45999908447266,14903400
2018-07-30,85.5,85.5,81.8499984741211,82.38999938964844,82.38999938964844,13501500
2018-07-31,82.51000213623047,83.31999969482422,81.30000305175781,82.13999938964844,82.13999938964844,13462200
2018-08-01,82.23999786376953,83.9800033569336,82.01000213623047,83.45999908447266,83.45999908447266,11160400
2018-08-02,82.94999694824219,85.58999633789062,82.8499984741211,85.52999877929688,85.52999877929688,8327200
2018-08-03,85.98999786376953,86.19999694824219,84.1500015258789,85.19000244140625,85.19000244140625,6216400
2018-08-06,85.19000244140625,86.0999984741211,84.9000015258789,85.7699966430664,85.7699966430664,5702500
2018-08-07,86.30000305175781,86.98999786376953,85.94999694824219,86.30000305175781,86.30000305175781,4951200
2018-08-08,86.2300033569336,87.09500122070312,85.86000061035156,86.73999786376953,86.73999786376953,3888900
2018-08-09,86.91000366210938,88.08999633789062,86.4800033569336,87.16999816894531,87.16999816894531,5507000
2018-08-10,86.55000305175781,88.02999877929688,86.01000213623047,87.01000213623047,87.01000213623047,5796500
2018-08-13,87.41999816894531,88.5,86.95999908447266,87.01000213623047,87.01000213623047,6040100
2018-08-14,87.37000274658203,87.83000183105469,86.4800033569336,87.7300033569336,87.7300033569336,6107400
2018-08-15,86.77999877929688,87.25,84.61000061035156,85.19000244140625,85.19000244140625,8742900
2018-08-16,85.8499984741211,85.9000015258789,84.87000274658203,85.31999969482422,85.31999969482422,5967200
2018-08-17,85.0999984741211,85.7699966430664,84.22000122070312,85.44999694824219,85.44999694824219,6245000
2018-08-20,85.73999786376953,86.0,84.9000015258789,85.75,85.75,4103000
2018-08-21,85.81999969482422,87.37999725341797,85.81999969482422,86.22000122070312,86.22000122070312,5389600
2018-08-22,86.0,87.16000366210938,85.62999725341797,86.94999694824219,86.94999694824219,4265900
2018-08-23,86.72000122070312,88.17500305175781,86.66999816894531,87.37999725341797,87.37999725341797,4310000
2018-08-24,87.94999694824219,90.12999725341797,87.94999694824219,90.0999984741211,90.0999984741211,7403900
2018-08-27,90.68000030517578,91.31999969482422,89.77999877929688,89.97000122070312,89.97000122070312,5466700
2018-08-28,90.0999984741211,90.8499984741211,89.68000030517578,90.61000061035156,90.61000061035156,4643800
2018-08-29,90.77999877929688,92.94000244140625,90.77999877929688,92.62000274658203,92.62000274658203,7841800
2018-08-30,92.29000091552734,93.01000213623047,91.70999908447266,92.08999633789062,92.08999633789062,7146600
2018-08-31,91.83999633789062,92.73999786376953,91.80000305175781,92.33000183105469,92.33000183105469,4874400
2018-09-04,91.94000244140625,93.44000244140625,91.62000274658203,93.06999969482422,93.06999969482422,6466700
2018-09-05,92.9800033569336,93.0,88.69999694824219,89.05000305175781,89.05000305175781,10202200
2018-09-06,89.18000030517578,89.55500030517578,88.05999755859375,89.0,89.0,6840300
2018-09-07,88.12999725341797,89.68000030517578,87.38999938964844,88.81999969482422,88.81999969482422,5679500
2018-09-10,89.43000030517578,89.98999786376953,88.55999755859375,89.80000305175781,89.80000305175781,5466000
2018-09-11,89.83000183105469,91.70999908447266,89.03500366210938,91.43000030517578,91.43000030517578,7321900
2018-09-12,91.52999877929688,92.45999908447266,90.20999908447266,92.4000015258789,92.4000015258789,7213500
2018-09-13,92.5999984741211,93.69999694824219,92.05999755859375,92.19000244140625,92.19000244140625,8308300
2018-09-14,92.25,92.68000030517578,90.68000030517578,90.77999877929688,90.77999877929688,9342800
2018-09-17,90.66000366210938,91.30000305175781,88.51000213623047,88.68000030517578,88.68000030517578,9293800
2018-09-18,88.70999908447266,90.08999633789062,88.70999908447266,89.72000122070312,89.72000122070312,5820700
2018-09-19,90.0999984741211,90.73999786376953,88.23799896240234,89.30999755859375,89.30999755859375,5495100
2018-09-20,89.83999633789062,90.77999877929688,89.18499755859375,90.5999984741211,90.5999984741211,6561700
2018-09-21,91.05000305175781,92.0,90.41999816894531,90.62000274658203,90.62000274658203,25379400
2018-09-24,89.94999694824219,90.26000213623047,88.26000213623047,89.62000274658203,89.62000274658203,8303100
2018-09-25,89.62000274658203,90.37999725341797,89.2750015258789,90.04000091552734,90.04000091552734,5953400
2018-09-26,90.33999633789062,90.93000030517578,89.69999694824219,89.8499984741211,89.8499984741211,5936200
2018-09-27,90.61000061035156,90.69999694824219,88.86000061035156,88.98999786376953,88.98999786376953,6996600
2018-09-28,88.79000091552734,89.04499816894531,87.5999984741211,87.83999633789062,87.83999633789062,7920600
2018-10-01,88.12999725341797,88.80000305175781,87.4000015258789,87.55000305175781,87.55000305175781,9260600
2018-10-02,87.2699966430664,87.3499984741211,85.83000183105469,86.68000030517578,86.68000030517578,6488200
2018-10-03,87.4000015258789,87.94999694824219,86.37000274658203,87.1500015258789,87.1500015258789,6625000
2018-10-04,86.38999938964844,86.5,83.54000091552734,84.33999633789062,84.33999633789062,9077900
2018-10-05,84.20999908447266,84.83999633789062,82.31999969482422,83.18000030517578,83.18000030517578,10735800
2018-10-08,82.62000274658203,82.88999938964844,78.6500015258789,80.55000305175781,80.55000305175781,16872200
2018-10-09,80.6500015258789,81.83999633789062,79.44000244140625,80.02999877929688,80.02999877929688,9332400
2018-10-10,79.61000061035156,79.91000366210938,75.31999969482422,75.44999694824219,75.44999694824219,16920300
2018-10-11,76.80999755859375,77.78500366210938,74.66000366210938,75.9000015258789,75.9000015258789,21006500
2018-10-12,79.12000274658203,79.5999984741211,77.79000091552734,79.02999877929688,79.02999877929688,14131400
2018-10-15,78.87999725341797,79.13999938964844,77.22000122070312,77.2300033569336,77.2300033569336,8481100
2018-10-16,78.8499984741211,80.91000366210938,78.45999908447266,80.61000061035156,80.61000061035156,10060000
2018-10-17,81.19000244140625,81.38999938964844,79.5,80.08999633789062,80.08999633789062,10022600
2018-10-18,80.16999816894531,80.44000244140625,77.36000061035156,77.4800033569336,77.4800033569336,19748500
2018-10-19,83.75,86.16999816894531,82.91999816894531,84.77999877929688,84.77999877929688,34211900
2018-10-22,84.86000061035156,86.2300033569336,83.57099914550781,85.43000030517578,85.43000030517578,11254800
2018-10-23,83.19999694824219,87.80000305175781,82.98999786376953,87.56999969482422,87.56999969482422,14753800
2018-10-24,87.04000091552734,87.69000244140625,83.01000213623047,83.08999633789062,83.08999633789062,14754600
2018-10-25,84.23999786376953,86.51000213623047,83.55999755859375,85.95999908447266,85.95999908447266,9267600
2018-10-26,83.22000122070312,85.66000366210938,82.18000030517578,83.37000274658203,83.37000274658203,13969400
2018-10-29,84.73999786376953,85.23999786376953,78.98999786376953,81.1500015258789,81.1500015258789,12918800
2018-10-30,80.33000183105469,81.95999908447266,79.41999816894531,80.9000015258789,80.9000015258789,13100800
2018-10-31,82.37000274658203,85.3499984741211,82.30000305175781,84.19000244140625,84.19000244140625,11191800
2018-11-01,84.18000030517578,85.1500015258789,83.56999969482422,85.04000091552734,85.04000091552734,5952600
2018-11-02,85.45999908447266,86.10399627685547,82.6500015258789,83.51000213623047,83.51000213623047,7014400
2018-11-05,83.33000183105469,84.25,82.25,84.05000305175781,84.05000305175781,4622300
2018-11-06,84.0999984741211,85.30999755859375,83.72000122070312,84.69000244140625,84.69000244140625,4662500
2018-11-07,85.86000061035156,88.48999786376953,85.7300033569336,88.2300033569336,88.2300033569336,8672000
2018-11-08,87.69999694824219,89.05999755859375,87.68000030517578,89.04000091552734,89.04000091552734,7539000
2018-11-09,88.44999694824219,88.44999694824219,85.55000305175781,86.76000213623047,86.76000213623047,9105900
2018-11-12,86.16999816894531,86.6500015258789,83.30000305175781,83.77999877929688,83.77999877929688,6278200
2018-11-13,84.12000274658203,85.22899627685547,83.16000366210938,83.77999877929688,83.77999877929688,4731300
2018-11-14,84.9800033569336,85.13999938964844,83.06999969482422,84.05000305175781,84.05000305175781,6678100
2018-11-15,83.79000091552734,87.08999633789062,83.5999984741211,86.73999786376953,86.73999786376953,10001200
2018-11-16,86.0,86.72000122070312,84.83000183105469,85.05999755859375,85.05999755859375,7581000
2018-11-19,84.7699966430664,85.19000244140625,79.9000015258789,80.12999725341797,80.12999725341797,11455300
2018-11-20,77.0,79.08000183105469,75.47000122070312,77.76000213623047,77.76000213623047,14202100
2018-11-21,79.08999633789062,79.88999938964844,77.63500213623047,79.12000274658203,79.12000274658203,8522900
2018-11-23,78.08999633789062,79.70999908447266,77.9000015258789,77.94999694824219,77.94999694824219,3066900
2018-11-26,78.97000122070312,80.9800033569336,78.86000061035156,80.86000061035156,80.86000061035156,9292900
2018-11-27,81.0,82.0,80.20500183105469,81.97000122070312,81.97000122070312,5335200
2018-11-28,82.2699966430664,86.0,81.94999694824219,85.9800033569336,85.9800033569336,9342000
2018-11-29,85.37000274658203,85.67500305175781,83.79000091552734,84.26000213623047,84.26000213623047,6516600
2018-11-30,84.38999938964844,85.86000061035156,83.66000366210938,85.80999755859375,85.80999755859375,11273300
2018-12-03,87.29000091552734,88.83999633789062,87.19000244140625,87.9800033569336,87.9800033569336,10822500
2018-12-04,87.23999786376953,88.47000122070312,84.0199966430664,84.19000244140625,84.19000244140625,8249900
2018-12-06,81.81999969482422,85.86000061035156,81.29000091552734,85.81999969482422,85.81999969482422,10197700
2018-12-07,84.95999908447266,85.98999786376953,81.97000122070312,82.7699966430664,82.7699966430664,8419500
2018-12-10,83.25,85.5,82.76000213623047,84.93000030517578,84.93000030517578,9348200
2018-12-11,86.01000213623047,86.9000015258789,84.55999755859375,85.51000213623047,85.51000213623047,8159100
2018-12-12,86.83999633789062,88.45999908447266,86.5,86.5,86.5,10306800
2018-12-13,87.7300033569336,88.70999908447266,86.41000366210938,87.55999755859375,87.55999755859375,8877300
2018-12-14,86.37999725341797,87.94000244140625,85.41999816894531,85.91999816894531,85.91999816894531,6869100
2018-12-17,85.69000244140625,86.30000305175781,83.35099792480469,84.0999984741211,84.0999984741211,8368100
2018-12-18,84.69999694824219,86.37000274658203,84.62000274658203,85.51000213623047,85.51000213623047,9573000
2018-12-19,85.62999725341797,87.80000305175781,82.93000030517578,84.02999877929688,84.02999877929688,11258400
2018-12-20,83.77999877929688,84.87000274658203,80.81999969482422,82.44000244140625,82.44000244140625,12532900
2018-12-21,82.80999755859375,83.7699966430664,77.69000244140625,78.13999938964844,78.13999938964844,17704900
2018-12-24,77.4800033569336,79.31999969482422,76.69999694824219,77.05999755859375,77.05999755859375,6800500
2018-12-26,77.69999694824219,82.80000305175781,77.6500015258789,82.80000305175781,82.80000305175781,10994700
2018-12-27,81.33000183105469,84.36000061035156,80.23999786376953,84.30999755859375,84.30999755859375,7849100
2018-12-28,85.0,85.2300033569336,82.33999633789062,83.26000213623047,83.26000213623047,6850400
2018-12-31,84.23999786376953,84.4800033569336,82.55000305175781,84.08999633789062,84.08999633789062,7247700
2019-01-02,82.37999725341797,86.19999694824219,82.23999786376953,85.75,85.75,10146200
2019-01-03,84.36000061035156,84.75,81.91000366210938,82.08999633789062,82.08999633789062,9650700
2019-01-04,83.70999908447266,86.91000366210938,83.37000274658203,86.2699966430664,86.2699966430664,9234800
2019-01-07,86.41999816894531,87.55000305175781,86.0199966430664,86.93000030517578,86.93000030517578,11094100
2019-01-08,88.11000061035156,88.8949966430664,87.69000244140625,88.69999694824219,88.69999694824219,8307600
2019-01-09,88.80999755859375,90.31500244140625,88.5,89.55000305175781,89.55000305175781,9578300
2019-01-10,89.0999984741211,90.79000091552734,87.91799926757812,90.69999694824219,90.69999694824219,7478100
2019-01-11,90.11000061035156,91.14399719238281,90.0999984741211,90.6500015258789,90.6500015258789,7398200
2019-01-14,89.95999908447266,90.80999755859375,89.55000305175781,90.43000030517578,90.43000030517578,6084700
2019-01-15,90.63999938964844,91.91000366210938,90.19000244140625,91.5999984741211,91.5999984741211,10377900
2019-01-16,91.72000122070312,92.3499984741211,90.20999908447266,90.55000305175781,90.55000305175781,8475000
2019-01-17,90.25,90.87000274658203,89.80999755859375,90.4000015258789,90.4000015258789,10254500
2019-01-18,91.3499984741211,91.44000244140625,89.77999877929688,91.12000274658203,91.12000274658203,11958400
2019-01-22,90.33000183105469,90.97000122070312,89.08999633789062,89.94000244140625,89.94000244140625,7890300
2019-01-23,90.73999786376953,91.16999816894531,89.56999969482422,90.5,90.5,5595700
2019-01-24,90.66999816894531,92.98999786376953,90.55000305175781,92.19999694824219,92.19999694824219,9749100
2019-01-25,93.05000305175781,94.58000183105469,92.69000244140625,94.27999877929688,94.27999877929688,11664300
2019-01-28,93.30000305175781,93.41999816894531,90.69000244140625,92.30000305175781,92.30000305175781,7361100
2019-01-29,92.33000183105469,92.8499984741211,90.56999969482422,91.12000274658203,91.12000274658203,6399900
2019-01-30,92.0199966430664,93.33999633789062,90.9000015258789,92.41999816894531,92.41999816894531,11622800
2019-01-31,89.0199966430664,90.08999633789062,86.62000274658203,88.76000213623047,88.76000213623047,23729900
2019-02-01,88.36000061035156,90.5,88.25,90.01000213623047,90.01000213623047,10514600
2019-02-04,89.87999725341797,92.12000274658203,89.70999908447266,91.66000366210938,91.66000366210938,7084500
2019-02-05,91.91000366210938,92.3499984741211,91.36000061035156,92.2699966430664,92.2699966430664,5591300
2019-02-06,90.80000305175781,92.29000091552734,90.19000244140625,92.25,92.25,5939400
2019-02-07,91.11000061035156,91.70999908447266,90.01000213623047,90.8499984741211,90.8499984741211,7283800
2019-02-08,90.0199966430664,91.91000366210938,90.0,91.87000274658203,91.87000274658203,7642100
2019-02-11,92.25,93.75,92.1500015258789,92.69000244140625,92.69000244140625,6455900
2019-02-12,93.44000244140625,94.51000213623047,93.19999694824219,94.37999725341797,94.37999725341797,7497000
2019-02-13,94.58999633789062,96.04000091552734,93.84400177001953,94.01000213623047,94.01000213623047,8577900
2019-02-14,93.6500015258789,94.98999786376953,93.0999984741211,94.41999816894531,94.41999816894531,6579200
2019-02-15,95.0,95.43000030517578,94.44999694824219,94.91000366210938,94.91000366210938,6080200
2019-02-19,94.44999694824219,95.30000305175781,94.05999755859375,95.0199966430664,95.0199966430664,8092400
2019-02-20,95.0,95.72000122070312,93.9800033569336,94.7300033569336,94.7300033569336,8154100
2019-02-21,94.72000122070312,95.51000213623047,94.33000183105469,94.95999908447266,94.95999908447266,6410000
2019-02-22,95.23999786376953,96.0,95.06999969482422,95.9800033569336,95.9800033569336,4898000
2019-02-25,96.06999969482422,97.30400085449219,96.0,96.69999694824219,96.69999694824219,7470700
2019-02-26,96.33999633789062,96.81999969482422,95.52999877929688,96.58999633789062,96.58999633789062,5906400
2019-02-27,96.11000061035156,98.04000091552734,95.93000030517578,97.86000061035156,97.86000061035156,5565400
2019-02-28,97.66000366210938,98.5250015258789,97.08000183105469,98.06999969482422,98.06999969482422,6151800
2019-03-01,98.91999816894531,99.44999694824219,98.33999633789062,98.80000305175781,98.80000305175781,5434000
2019-03-04,98.02999877929688,98.5,95.33999633789062,96.56999969482422,96.56999969482422,7855800
2019-03-05,96.6500015258789,97.13999938964844,96.1500015258789,96.52999877929688,96.52999877929688,6321900
2019-03-06,96.5199966430664,97.27999877929688,95.91000366210938,96.45999908447266,96.45999908447266,3226500
2019-03-07,96.16999816894531,96.75,95.30000305175781,96.20999908447266,96.20999908447266,6170100
2019-03-08,95.04000091552734,95.7699966430664,94.51000213623047,95.69000244140625,95.69000244140625,4577700
2019-03-11,96.01000213623047,97.56999969482422,95.9540023803711,97.44999694824219,97.44999694824219,5387500
2019-03-12,98.0,98.08000183105469,96.9000015258789,97.5,97.5,5624500
2019-03-13,98.19999694824219,100.58999633789062,98.13999938964844,99.30999755859375,99.30999755859375,9356600
2019-03-14,99.45999908447266,99.66999816894531,98.93000030517578,99.02999877929688,99.02999877929688,5414700
2019-03-15,99.4000015258789,101.26000213623047,99.33000183105469,100.7300033569336,100.7300033569336,10960900
2019-03-18,101.20999908447266,101.83000183105469,99.37000274658203,100.2699966430664,100.2699966430664,6454000
2019-03-19,100.5999984741211,101.68499755859375,100.5999984741211,101.54000091552734,101.54000091552734,6965100
2019-03-20,101.44999694824219,103.05000305175781,100.83999633789062,102.30999755859375,102.30999755859375,6462900
2019-03-21,102.1500015258789,104.55999755859375,102.08499908447266,104.1500015258789,104.1500015258789,7216700
2019-03-22,103.87000274658203,104.0,101.25,101.2699966430664,101.2699966430664,7195000
2019-03-25,100.94000244140625,102.18000030517578,100.51000213623047,101.55000305175781,101.55000305175781,5117700
2019-03-26,102.33999633789062,103.28500366210938,101.75,103.1500015258789,103.1500015258789,4498000
2019-03-27,103.19999694824219,104.16999816894531,101.73999786376953,103.06999969482422,103.06999969482422,5450200
2019-03-28,103.44999694824219,104.01000213623047,102.66999816894531,103.86000061035156,103.86000061035156,4459900
2019-03-29,104.5199966430664,104.69999694824219,103.45999908447266,103.83999633789062,103.83999633789062,5625500
2019-04-01,104.98999786376953,105.76000213623047,103.8499984741211,105.55000305175781,105.55000305175781,6157200
2019-04-02,105.76000213623047,105.76000213623047,104.66000366210938,105.2300033569336,105.2300033569336,4177400
2019-04-03,105.91000366210938,105.97000122070312,104.48999786376953,104.69000244140625,104.69000244140625,5441900
2019-04-04,104.69999694824219,104.97000122070312,102.6500015258789,104.45999908447266,104.45999908447266,7996800
2019-04-05,104.83999633789062,105.80000305175781,104.62000274658203,105.7300033569336,105.7300033569336,8573800
2019-04-08,105.66000366210938,107.0,104.66999816894531,106.56999969482422,106.56999969482422,9261800
2019-04-09,106.05999755859375,107.51000213623047,105.83000183105469,106.93000030517578,106.93000030517578,7217100
2019-04-10,107.1500015258789,107.7699966430664,106.38999938964844,107.51000213623047,107.51000213623047,6561800
2019-04-11,107.51000213623047,107.73999786376953,105.91000366210938,106.45999908447266,106.45999908447266,7681000
2019-04-12,107.02999877929688,108.54000091552734,106.41000366210938,108.4800033569336,108.4800033569336,6997700
2019-04-15,108.58000183105469,109.0,107.30999755859375,108.13999938964844,108.13999938964844,4480100
2019-04-16,108.80000305175781,108.80000305175781,107.58000183105469,108.19999694824219,108.19999694824219,3766100
2019-04-17,107.80500030517578,108.86000061035156,107.25,108.80999755859375,108.80999755859375,5353700
2019-04-18,108.36000061035156,108.44999694824219,105.08000183105469,107.36000061035156,107.36000061035156,10220700
2019-04-22,106.79000091552734,107.18000030517578,106.0199966430664,106.80999755859375,106.80999755859375,6408500
2019-04-23,107.0999984741211,107.51000213623047,106.44000244140625,106.9000015258789,106.9000015258789,8564200
2019-04-24,107.11000061035156,108.38999938964844,106.41999816894531,107.22000122070312,107.22000122070312,9553100
2019-04-25,108.5199966430664,110.91999816894531,108.5199966430664,110.22000122070312,110.22000122070312,10959400
2019-04-26,109.72000122070312,110.56999969482422,107.87999725341797,110.55999755859375,110.55999755859375,7683200
2019-04-29,110.69999694824219,113.0,110.44000244140625,112.44000244140625,112.44000244140625,6989300
2019-04-30,112.44000244140625,113.22000122070312,111.19999694824219,112.7699966430664,112.7699966430664,6489400
2019-05-01,113.20999908447266,113.69000244140625,110.91999816894531,110.94000244140625,110.94000244140625,5442200
2019-05-02,110.5999984741211,111.16000366210938,108.91000366210938,109.69999694824219,109.69999694824219,5272400
2019-05-03,110.56999969482422,112.12000274658203,110.25,111.95999908447266,111.95999908447266,4660500
2019-05-06,109.44000244140625,111.12000274658203,108.58000183105469,110.8499984741211,110.8499984741211,4722600
2019-05-07,110.16999816894531,110.16999816894531,107.63999938964844,108.94999694824219,108.94999694824219,6178700
2019-05-08,108.58000183105469,109.87999725341797,108.1500015258789,109.06999969482422,109.06999969482422,4118000
2019-05-09,108.0999984741211,110.13300323486328,107.24800109863281,109.7300033569336,109.7300033569336,4657300
2019-05-10,109.22000122070312,110.68000030517578,107.45999908447266,110.41000366210938,110.41000366210938,3750900
2019-05-13,107.5999984741211,108.62999725341797,106.5199966430664,106.83000183105469,106.83000183105469,5657900
2019-05-14,107.55999755859375,110.4000015258789,107.3499984741211,109.08999633789062,109.08999633789062,4559700
2019-05-15,108.58999633789062,111.93000030517578,108.30999755859375,111.5,111.5,5315300
2019-05-16,111.19999694824219,114.66000366210938,111.16000366210938,113.87000274658203,113.87000274658203,6031800
2019-05-17,113.06999969482422,114.25,112.24199676513672,112.80000305175781,112.80000305175781,4512400
2019-05-20,111.97000122070312,113.30999755859375,111.2300033569336,112.1500015258789,112.1500015258789,3631600
2019-05-21,112.66999816894531,113.12000274658203,111.68599700927734,112.43000030517578,112.43000030517578,4001400
2019-05-22,112.27999877929688,113.95999908447266,112.20999908447266,112.47000122070312,112.47000122070312,3091700
2019-05-23,111.47000122070312,111.70999908447266,109.05999755859375,109.9000015258789,109.9000015258789,7183600
2019-05-24,110.83999633789062,111.23999786376953,109.45999908447266,109.8499984741211,109.8499984741211,4832500
2019-05-28,110.56999969482422,113.13999938964844,110.5,111.79000091552734,111.79000091552734,6568300
2019-05-29,110.75,110.97000122070312,109.30999755859375,110.08000183105469,110.08000183105469,8166200
2019-05-30,110.63999938964844,111.56999969482422,110.08999633789062,111.41000366210938,111.41000366210938,3871800
2019-05-31,110.33000183105469,110.80000305175781,108.73999786376953,109.75,109.75,4913500
2019-06-03,111.08999633789062,111.08999633789062,103.95999908447266,105.5199966430664,105.5199966430664,11261200
2019-06-04,106.83000183105469,108.83000183105469,105.77999877929688,108.7300033569336,108.7300033569336,7280400
2019-06-05,110.04000091552734,110.87999725341797,109.45999908447266,110.7699966430664,110.7699966430664,6220200
2019-06-06,111.11000061035156,112.04000091552734,110.2699966430664,111.77999877929688,111.77999877929688,4744000
2019-06-07,112.30000305175781,115.13999938964844,112.08000183105469,114.0199966430664,114.0199966430664,5916400
2019-06-10,115.0999984741211,117.3499984741211,114.8499984741211,115.62000274658203,115.62000274658203,6483600
2019-06-11,116.97000122070312,117.44999694824219,113.29499816894531,114.5999984741211,114.5999984741211,5038900
2019-06-12,114.58999633789062,114.88999938964844,113.47000122070312,114.5,114.5,3914400
2019-06-13,114.81999969482422,115.81999969482422,114.58999633789062,115.72000122070312,115.72000122070312,4089400
2019-06-14,115.91000366210938,116.7300033569336,115.2699966430664,116.16999816894531,116.16999816894531,4242000
2019-06-17,116.58000183105469,117.33499908447266,116.37000274658203,117.16000366210938,117.16000366210938,4621600
2019-06-18,118.5999984741211,118.64600372314453,115.83999633789062,115.9800033569336,115.9800033569336,6793300
2019-06-19,116.0,117.33999633789062,115.22000122070312,117.13999938964844,117.13999938964844,5166000
2019-06-20,118.8499984741211,119.94999694824219,117.83999633789062,118.79000091552734,118.79000091552734,5437500
2019-06-21,116.08000183105469,117.27999877929688,115.97000122070312,116.20999908447266,116.20999908447266,10651500
2019-06-24,116.51000213623047,116.77300262451172,115.66000366210938,116.5,116.5,3369800
2019-06-25,116.58000183105469,116.95999908447266,113.38999938964844,114.44000244140625,114.44000244140625,5393700
2019-06-26,115.69999694824219,116.37999725341797,114.11499786376953,114.1500015258789,114.1500015258789,4637300
2019-06-27,114.51000213623047,114.87000274658203,113.08000183105469,113.66999816894531,113.66999816894531,5139300
2019-06-28,114.23999786376953,114.62000274658203,113.33000183105469,114.45999908447266,114.45999908447266,6679800
2019-07-01,116.72000122070312,116.75,114.3499984741211,115.02999877929688,115.02999877929688,5566900
2019-07-02,115.18000030517578,116.19999694824219,114.58000183105469,116.16999816894531,116.16999816894531,4153900
2019-07-03,116.87999725341797,117.72000122070312,116.05999755859375,117.68000030517578,117.68000030517578,3288900
2019-07-05,116.54000091552734,117.4000015258789,114.69000244140625,117.16000366210938,117.16000366210938,3801700
2019-07-08,116.33999633789062,117.2249984741211,115.13999938964844,116.94999694824219,116.94999694824219,4983600
2019-07-09,116.37000274658203,118.62000274658203,116.25,118.37000274658203,118.37000274658203,4739000
2019-07-10,119.11000061035156,120.19999694824219,118.77999877929688,119.63999938964844,119.63999938964844,5879700
2019-07-11,120.16999816894531,120.75,119.23999786376953,120.6500015258789,120.6500015258789,4999700
2019-07-12,120.91999816894531,121.0,119.30999755859375,120.12000274658203,120.12000274658203,4540300
2019-07-15,120.7699966430664,121.04000091552734,119.80000305175781,120.9000015258789,120.9000015258789,3721000
2019-07-16,121.0999984741211,121.4800033569336,119.52999877929688,119.70999908447266,119.70999908447266,4006600
2019-07-17,119.6500015258789,119.98999786376953,118.80000305175781,118.80999755859375,118.80999755859375,4627500
2019-07-18,118.98999786376953,120.80000305175781,118.62999725341797,119.87000274658203,119.87000274658203,4436900
2019-07-19,120.73999786376953,121.36000061035156,118.5999984741211,118.62999725341797,118.62999725341797,4916200
2019-07-22,118.98999786376953,119.20999908447266,118.12000274658203,118.69000244140625,118.69000244140625,5676600
2019-07-23,119.41999816894531,120.2699966430664,118.69499969482422,120.22000122070312,120.22000122070312,5016000
2019-07-24,120.0,121.33000183105469,118.93000030517578,121.30000305175781,121.30000305175781,8969800
2019-07-25,116.75,117.55000305175781,113.2300033569336,115.12000274658203,115.12000274658203,19417200
2019-07-26,115.70999908447266,116.3499984741211,114.33999633789062,115.48999786376953,115.48999786376953,7995500
2019-07-29,113.5,114.27999877929688,111.22000122070312,111.44999694824219,111.44999694824219,13820200
2019-07-30,110.79000091552734,112.29000091552734,108.7699966430664,112.04000091552734,112.04000091552734,8456000
2019-07-31,112.19999694824219,112.30000305175781,109.43000030517578,110.4000015258789,110.4000015258789,10096200
2019-08-01,110.44999694824219,112.44999694824219,109.66500091552734,110.80000305175781,110.80000305175781,9436100
2019-08-02,109.47000122070312,109.6500015258789,105.83000183105469,107.08999633789062,107.08999633789062,10466900
2019-08-05,103.76000213623047,105.38999938964844,102.41000366210938,103.5999984741211,103.5999984741211,11745400
2019-08-06,105.0,106.0,104.4800033569336,105.02999877929688,105.02999877929688,7740500
2019-08-07,104.05999755859375,107.16000366210938,103.30000305175781,106.62999725341797,106.62999725341797,7622000
2019-08-08,107.3499984741211,108.13999938964844,106.08000183105469,106.79000091552734,106.79000091552734,7815000
2019-08-09,106.4000015258789,106.5199966430664,104.44999694824219,104.81999969482422,104.81999969482422,7777300
2019-08-12,104.01000213623047,104.37999725341797,102.20999908447266,102.72000122070312,102.72000122070312,7896800
2019-08-13,103.38999938964844,106.69999694824219,102.68000030517578,106.04000091552734,106.04000091552734,9788400
2019-08-14,104.16999816894531,105.12999725341797,102.44000244140625,103.2699966430664,103.2699966430664,9538800
2019-08-15,103.9000015258789,105.79000091552734,103.12999725341797,104.94999694824219,104.94999694824219,6975800
2019-08-16,106.08000183105469,106.61000061035156,105.55000305175781,106.16000366210938,106.16000366210938,5840900
2019-08-19,108.0,108.44000244140625,106.83000183105469,107.66999816894531,107.66999816894531,5718300
2019-08-20,107.91000366210938,108.58000183105469,107.0199966430664,107.37000274658203,107.37000274658203,4358600
2019-08-21,108.54000091552734,110.0199966430664,108.39800262451172,109.81999969482422,109.81999969482422,5415900
2019-08-22,110.08000183105469,110.29000091552734,107.6500015258789,108.7699966430664,108.7699966430664,3863600
2019-08-23,108.93000030517578,110.13999938964844,105.51000213623047,106.04000091552734,106.04000091552734,7456400
2019-08-26,107.11000061035156,107.83000183105469,106.29000091552734,107.66000366210938,107.66000366210938,3666900
2019-08-27,108.38999938964844,108.72000122070312,106.94999694824219,107.44999694824219,107.44999694824219,4937400
2019-08-28,106.70999908447266,107.62999725341797,105.3499984741211,107.47000122070312,107.47000122070312,3256100
2019-08-29,108.95999908447266,109.76000213623047,108.77999877929688,109.20999908447266,109.20999908447266,3930900
2019-08-30,110.12999725341797,110.97000122070312,108.54000091552734,109.05000305175781,109.05000305175781,3957900
2019-09-03,107.91999816894531,108.86000061035156,106.45999908447266,106.75,106.75,4037700
2019-09-04,107.75,109.23500061035156,107.29000091552734,108.7300033569336,108.7300033569336,3691200
2019-09-05,110.0,111.62999725341797,109.51000213623047,111.45999908447266,111.45999908447266,5348700
2019-09-06,111.66000366210938,111.66999816894531,109.62000274658203,110.05000305175781,110.05000305175781,4675800
2019-09-09,110.62000274658203,110.7699966430664,103.9000015258789,105.43000030517578,105.43000030517578,10959000
2019-09-10,104.7699966430664,104.94999694824219,101.30999755859375,103.05000305175781,103.05000305175781,13428000
2019-09-11,104.1500015258789,104.4800033569336,103.11000061035156,104.0199966430664,104.0199966430664,7006300
2019-09-12,105.70999908447266,107.91500091552734,105.48999786376953,107.0999984741211,107.0999984741211,11585400
2019-09-13,106.66000366210938,107.29000091552734,105.25,107.0,107.0,8390200
2019-09-16,106.12999725341797,108.01000213623047,105.98999786376953,106.5199966430664,106.5199966430664,5215600
2019-09-17,106.80999755859375,107.8949966430664,106.45999908447266,107.5,107.5,4097400
2019-09-18,107.77999877929688,107.80000305175781,103.7300033569336,105.5999984741211,105.5999984741211,6624300
2019-09-19,105.63999938964844,107.0199966430664,105.5999984741211,106.12000274658203,106.12000274658203,5017100
2019-09-20,104.70999908447266,105.45999908447266,103.91000366210938,104.63999938964844,104.63999938964844,10427300
2019-09-23,104.7300033569336,105.31999969482422,104.3499984741211,105.11000061035156,105.11000061035156,3312800
2019-09-24,105.41000366210938,106.0999984741211,102.7300033569336,103.69000244140625,103.69000244140625,6367900
2019-09-25,103.33999633789062,104.46299743652344,101.54000091552734,104.13999938964844,104.13999938964844,5457300
2019-09-26,104.43000030517578,104.87000274658203,103.22000122070312,104.55000305175781,104.55000305175781,4719800
2019-09-27,104.87000274658203,105.16999816894531,101.0999984741211,102.19999694824219,102.19999694824219,7189400
2019-09-30,102.68000030517578,104.06999969482422,101.4800033569336,103.58999633789062,103.58999633789062,7390700
2019-10-01,104.0,104.64099884033203,102.2300033569336,102.52999877929688,102.52999877929688,5694500
2019-10-02,101.80999755859375,101.83000183105469,99.36000061035156,99.7300033569336,99.7300033569336,7879000
2019-10-03,99.54000091552734,101.30999755859375,98.61000061035156,101.02999877929688,101.02999877929688,4846100
2019-10-04,101.83999633789062,102.9800033569336,100.83999633789062,102.79000091552734,102.79000091552734,5458000
2019-10-07,102.11000061035156,102.60700225830078,101.5199966430664,101.62000274658203,101.62000274658203,3711300
2019-10-08,100.8499984741211,101.1500015258789,99.25,99.33000183105469,99.33000183105469,7027600
2019-10-09,99.44000244140625,100.69000244140625,99.38500213623047,99.88999938964844,99.88999938964844,4988600
2019-10-10,99.4000015258789,101.0,99.4000015258789,100.54000091552734,100.54000091552734,4281600
2019-10-11,101.77999877929688,103.95999908447266,101.47000122070312,101.58000183105469,101.58000183105469,4762900
2019-10-14,101.58999633789062,102.3499984741211,101.36699676513672,101.75,101.75,2953500
2019-10-15,102.01000213623047,103.66000366210938,101.9000015258789,103.58999633789062,103.58999633789062,4579600
2019-10-16,103.0,103.2300033569336,101.9000015258789,103.08999633789062,103.08999633789062,4327000
2019-10-17,103.88999938964844,104.33999633789062,102.83999633789062,103.62999725341797,103.62999725341797,3996300
2019-10-18,103.91999816894531,104.31999969482422,100.75,101.22000122070312,101.22000122070312,7260700
2019-10-21,102.36000061035156,102.7300033569336,100.46499633789062,101.44000244140625,101.44000244140625,6694400
2019-10-22,101.36000061035156,101.94999694824219,97.11499786376953,97.36000061035156,97.36000061035156,11298100
2019-10-23,97.41999816894531,97.5999984741211,94.7699966430664,96.63999938964844,96.63999938964844,16470200
2019-10-24,106.07499694824219,106.9800033569336,103.19000244140625,104.91000366210938,104.91000366210938,23689200
2019-10-25,104.45999908447266,107.48999786376953,104.41999816894531,107.19000244140625,107.19000244140625,12070900
2019-10-28,107.98999786376953,108.45999908447266,106.44999694824219,106.5999984741211,106.5999984741211,7004200
2019-10-29,106.83999633789062,107.0199966430664,104.69499969482422,105.0,105.0,5420900
2019-10-30,105.29000091552734,106.5999984741211,103.95999908447266,106.5,106.5,4204900
2019-10-31,106.47000122070312,106.5,103.26000213623047,104.0999984741211,104.0999984741211,7200500
2019-11-01,104.69999694824219,105.30000305175781,103.93000030517578,104.9800033569336,104.9800033569336,5489800
2019-11-04,105.72000122070312,105.76000213623047,102.6050033569336,102.80999755859375,102.80999755859375,5818400
2019-11-05,103.05000305175781,103.25,100.28500366210938,100.98999786376953,100.98999786376953,9236200
2019-11-06,101.19999694824219,101.33999633789062,100.16999816894531,100.62999725341797,100.62999725341797,7332200
2019-11-07,100.94000244140625,101.72000122070312,100.29000091552734,100.47000122070312,100.47000122070312,9088400
2019-11-08,100.0250015258789,101.70999908447266,99.5999984741211,101.41999816894531,101.41999816894531,5451300
2019-11-11,101.04000091552734,103.04000091552734,100.66000366210938,102.66999816894531,102.66999816894531,5391000
2019-11-12,102.97000122070312,103.08999633789062,100.91999816894531,102.02999877929688,102.02999877929688,6715200
2019-11-13,102.0,103.5999984741211,101.62999725341797,102.12000274658203,102.12000274658203,5246600
2019-11-14,101.87000274658203,103.8499984741211,101.37000274658203,103.7300033569336,103.7300033569336,4978400
2019-11-15,104.3499984741211,104.4800033569336,103.1050033569336,104.19999694824219,104.19999694824219,5639600
2019-11-18,103.8499984741211,104.19999694824219,102.9800033569336,103.66000366210938,103.66000366210938,4830400
2019-11-19,104.08000183105469,106.16999816894531,104.00800323486328,104.94999694824219,104.94999694824219,7954100
2019-11-20,105.22000122070312,105.37999725341797,103.12000274658203,104.08999633789062,104.08999633789062,5953500
2019-11-21,103.0,104.47000122070312,102.1500015258789,102.55000305175781,102.55000305175781,7525100
2019-11-22,102.91999816894531,103.2300033569336,100.72000122070312,101.7699966430664,101.7699966430664,6448800
2019-11-25,102.37999725341797,104.56999969482422,102.05999755859375,104.44999694824219,104.44999694824219,8336100
2019-11-26,104.80000305175781,106.77999877929688,104.5,106.19999694824219,106.19999694824219,13126400
2019-11-27,106.88999938964844,108.23999786376953,106.80000305175781,107.75,107.75,7553400
2019-11-29,107.97000122070312,108.38999938964844,106.9000015258789,108.01000213623047,108.01000213623047,4439500
2019-12-02,107.95999908447266,108.48999786376953,104.6500015258789,106.20999908447266,106.20999908447266,7182600
2019-12-03,105.0,106.12999725341797,104.51000213623047,105.58999633789062,105.58999633789062,8947500
2019-12-04,106.29000091552734,106.29000091552734,104.65499877929688,105.0,105.0,7848700
2019-12-05,105.44999694824219,105.5,104.11000061035156,104.58999633789062,104.58999633789062,5635800
2019-12-06,104.79000091552734,105.34400177001953,104.16000366210938,104.33999633789062,104.33999633789062,7018000
2019-12-09,104.5999984741211,105.0999984741211,103.5999984741211,103.77999877929688,103.77999877929688,5641300
2019-12-10,103.7699966430664,104.12999725341797,103.26000213623047,103.62000274658203,103.62000274658203,5316500
2019-12-11,103.72000122070312,105.87000274658203,103.58999633789062,105.51000213623047,105.51000213623047,5779700
2019-12-12,105.20999908447266,106.22000122070312,104.12999725341797,105.66999816894531,105.66999816894531,6379500
2019-12-13,105.83000183105469,107.90499877929688,105.5199966430664,107.6500015258789,107.6500015258789,6998800
2019-12-16,108.4000015258789,109.8280029296875,108.3499984741211,109.56999969482422,109.56999969482422,8465400
2019-12-17,109.56999969482422,109.5999984741211,107.66999816894531,108.45999908447266,108.45999908447266,8165900
2019-12-18,108.86000061035156,109.47000122070312,107.76000213623047,107.83000183105469,107.83000183105469,6477900
2019-12-19,107.80000305175781,108.94000244140625,107.45999908447266,108.87999725341797,108.87999725341797,6590000
2019-12-20,109.27999877929688,109.62000274658203,108.12999725341797,108.75,108.75,9823200
2019-12-23,109.05000305175781,109.44999694824219,108.37999725341797,108.61000061035156,108.61000061035156,4659000
2019-12-24,108.63999938964844,109.26000213623047,108.37999725341797,108.69000244140625,108.69000244140625,1680000
2019-12-26,109.12999725341797,109.75,108.56999969482422,109.75,109.75,4049900
2019-12-27,110.16699981689453,110.18000030517578,108.9000015258789,109.4000015258789,109.4000015258789,3379600
2019-12-30,109.5199966430664,109.5999984741211,107.7300033569336,107.97000122070312,107.97000122070312,3769200
2019-12-31,107.54000091552734,108.44999694824219,107.19999694824219,108.16999816894531,108.16999816894531,4080500
2020-01-02,109.47000122070312,111.20999908447266,109.2750015258789,110.75,110.75,7418800
2020-01-03,109.48999786376953,110.41999816894531,108.76000213623047,108.76000213623047,108.76000213623047,7098300
2020-01-06,107.56999969482422,110.22000122070312,107.44000244140625,110.16999816894531,110.16999816894531,6764500
2020-01-07,111.5,111.55999755859375,109.52999877929688,109.66999816894531,109.66999816894531,6898700
2020-01-08,110.4000015258789,112.63999938964844,109.81999969482422,111.81999969482422,111.81999969482422,8293600
2020-01-09,112.98999786376953,113.55999755859375,111.58999633789062,112.56999969482422,112.56999969482422,5944700
2020-01-10,113.63999938964844,113.70999908447266,112.2699966430664,112.93000030517578,112.93000030517578,6965100
2020-01-13,113.9800033569336,115.87999725341797,113.86000061035156,115.27999877929688,115.27999877929688,9652500
2020-01-14,115.51499938964844,115.58999633789062,114.12000274658203,114.63999938964844,114.63999938964844,7182000
2020-01-15,115.13999938964844,115.94999694824219,114.61000061035156,114.8499984741211,114.8499984741211,5955200
2020-01-16,115.91999816894531,116.0,114.8499984741211,115.4000015258789,115.4000015258789,4770900
2020-01-17,116.44999694824219,116.69999694824219,115.47000122070312,116.04000091552734,116.04000091552734,9730400
2020-01-21,115.30999755859375,116.38999938964844,115.11000061035156,116.1500015258789,116.1500015258789,8746200
2020-01-22,116.7300033569336,117.44999694824219,115.47000122070312,115.5,115.5,5305300
2020-01-23,117.4000015258789,117.94000244140625,115.80000305175781,117.88999938964844,117.88999938964844,8533900
2020-01-24,118.44999694824219,119.5999984741211,116.51000213623047,116.9800033569336,116.9800033569336,7124000
2020-01-27,113.62999725341797,115.9800033569336,112.30999755859375,115.23999786376953,115.23999786376953,7002300
2020-01-28,115.83000183105469,117.20999908447266,114.71499633789062,116.5199966430664,116.5199966430664,6433000
2020-01-29,117.47000122070312,117.52999877929688,115.16000366210938,116.66000366210938,116.66000366210938,9236800
2020-01-30,112.79000091552734,117.19999694824219,112.41999816894531,117.12000274658203,117.12000274658203,13653300
2020-01-31,116.75,117.31999969482422,113.1500015258789,113.88999938964844,113.88999938964844,9467200
2020-02-03,114.30000305175781,117.23999786376953,114.05000305175781,116.51000213623047,116.51000213623047,8234700
2020-02-04,118.04000091552734,120.33999633789062,117.30000305175781,120.08000183105469,120.08000183105469,7396800
2020-02-05,121.19999694824219,122.19000244140625,118.89099884033203,119.72000122070312,119.72000122070312,7595300
2020-02-06,120.08999633789062,120.5999984741211,119.47000122070312,119.88999938964844,119.88999938964844,4020300
2020-02-07,119.5999984741211,119.66999816894531,118.41000366210938,118.87999725341797,118.87999725341797,4166300
2020-02-10,118.55999755859375,120.1500015258789,118.5,120.05999755859375,120.05999755859375,4868000
2020-02-11,120.76000213623047,121.0,118.4000015258789,118.83999633789062,118.83999633789062,4677400
2020-02-12,118.8499984741211,119.91000366210938,117.87000274658203,118.55999755859375,118.55999755859375,6482300
2020-02-13,118.04000091552734,121.0999984741211,117.80000305175781,120.51000213623047,120.51000213623047,6066300
2020-02-14,120.88999938964844,123.0,120.80000305175781,122.98999786376953,122.98999786376953,5769900
2020-02-18,122.58000183105469,122.98999786376953,121.68000030517578,122.2699966430664,122.2699966430664,5085700
2020-02-19,122.62999725341797,124.44999694824219,122.30000305175781,123.91000366210938,123.91000366210938,4878600
2020-02-20,123.86000061035156,124.30999755859375,120.4000015258789,122.43000030517578,122.43000030517578,7212900
2020-02-21,121.72000122070312,121.8499984741211,118.52999877929688,119.48999786376953,119.48999786376953,5894500
2020-02-24,114.29000091552734,116.79000091552734,113.5199966430664,116.44000244140625,116.44000244140625,10139300
2020-02-25,115.66999816894531,116.41500091552734,109.33000183105469,109.66000366210938,109.66000366210938,13636100
2020-02-26,109.80999755859375,112.62999725341797,108.5999984741211,109.11000061035156,109.11000061035156,10301800
2020-02-27,106.30000305175781,112.05000305175781,106.30000305175781,107.83999633789062,107.83999633789062,15461900
2020-02-28,104.26000213623047,108.7300033569336,103.72000122070312,107.98999786376953,107.98999786376953,17213100
2020-03-02,107.45999908447266,113.05000305175781,106.52999877929688,112.86000061035156,112.86000061035156,13367000
2020-03-03,112.81999969482422,114.55999755859375,108.26000213623047,109.76000213623047,109.76000213623047,11912300
2020-03-04,112.04000091552734,115.38999938964844,110.62000274658203,115.30000305175781,115.30000305175781,8245200
2020-03-05,112.02999877929688,114.9000015258789,111.23999786376953,112.18000030517578,112.18000030517578,7671500
2020-03-06,107.94999694824219,111.56999969482422,107.58000183105469,110.88999938964844,110.88999938964844,8524300
2020-03-09,102.72000122070312,106.98999786376953,99.70999908447266,101.62999725341797,101.62999725341797,12458900
2020-03-10,105.30000305175781,109.73999786376953,103.16999816894531,109.73999786376953,109.73999786376953,11748500
2020-03-11,106.6500015258789,107.75,101.9800033569336,103.9000015258789,103.9000015258789,10756400
2020-03-12,96.55999755859375,104.77999877929688,94.5,96.95999908447266,96.95999908447266,20114400
2020-03-13,100.5199966430664,110.5999984741211,99.77999877929688,110.1500015258789,110.1500015258789,19170600
2020-03-16,94.0,103.15499877929688,91.2300033569336,92.72000122070312,92.72000122070312,16204900
2020-03-17,94.5,101.08000183105469,90.5199966430664,97.87000274658203,97.87000274658203,17969400
2020-03-18,91.8550033569336,95.0999984741211,86.1500015258789,91.45999908447266,91.45999908447266,16073300
2020-03-19,91.55999755859375,98.05999755859375,87.04000091552734,93.69000244140625,93.69000244140625,12181600
2020-03-20,95.63999938964844,96.2300033569336,86.20999908447266,86.68000030517578,86.68000030517578,14874400
2020-03-23,86.29000091552734,88.1500015258789,82.06999969482422,85.26000213623047,85.26000213623047,12969700
2020-03-24,89.4000015258789,98.0,89.4000015258789,97.29000091552734,97.29000091552734,13936500
2020-03-25,97.43000030517578,100.41999816894531,95.2699966430664,95.70999908447266,95.70999908447266,11814400
2020-03-26,96.30999755859375,100.93000030517578,95.63500213623047,100.62999725341797,100.62999725341797,9451200
2020-03-27,97.0,97.1050033569336,93.05999755859375,93.4800033569336,93.4800033569336,11312000
2020-03-30,95.5,98.26000213623047,94.37000274658203,97.02999877929688,97.02999877929688,8948600
2020-03-31,96.37999725341797,99.43099975585938,94.87000274658203,95.73999786376953,95.73999786376953,9881400
2020-04-01,92.72000122070312,94.66999816894531,90.37999725341797,91.37999725341797,91.37999725341797,9628400
2020-04-02,91.0999984741211,94.68000030517578,90.91999816894531,93.5199966430664,93.5199966430664,7077200
2020-04-03,92.79000091552734,92.94999694824219,89.87999725341797,92.38999938964844,92.38999938964844,7699500
2020-04-06,97.80000305175781,102.5,96.26000213623047,101.66999816894531,101.66999816894531,11999000
2020-04-07,105.25499725341797,106.2300033569336,99.9000015258789,100.27999877929688,100.27999877929688,10291500
2020-04-08,101.61000061035156,105.50499725341797,100.75,105.05999755859375,105.05999755859375,9385900
2020-04-09,105.62999725341797,108.69999694824219,104.77999877929688,105.83999633789062,105.83999633789062,10894900
2020-04-13,104.8499984741211,106.29000091552734,102.33999633789062,105.9800033569336,105.9800033569336,7716200
2020-04-14,109.0,110.9800033569336,107.93000030517578,109.78500366210938,109.78500366210938,8417900
2020-04-15,107.45999908447266,109.08999633789062,106.41999816894531,107.94999694824219,107.94999694824219,7821000
2020-04-16,109.5,109.5250015258789,106.56999969482422,108.30999755859375,108.30999755859375,9575600
2020-04-17,110.30000305175781,112.12000274658203,110.05400085449219,111.8499984741211,111.8499984741211,11069800
2020-04-20,110.9000015258789,114.30000305175781,110.0250015258789,112.16999816894531,112.16999816894531,10730700
2020-04-21,111.12000274658203,112.8499984741211,107.41000366210938,107.54000091552734,107.54000091552734,11736600
2020-04-22,110.29000091552734,116.0,109.91000366210938,115.19000244140625,115.19000244140625,12874300
2020-04-23,115.94000244140625,118.38500213623047,115.0,115.23999786376953,115.23999786376953,7563200
2020-04-24,115.47000122070312,120.47000122070312,115.4000015258789,120.18000030517578,120.18000030517578,10677500
2020-04-27,121.25,122.38700103759766,120.05500030517578,120.52999877929688,120.52999877929688,6678200
2020-04-28,121.66000366210938,122.0,115.90299987792969,116.13999938964844,116.13999938964844,9192300
2020-04-29,119.30000305175781,124.02999877929688,118.6449966430664,123.58000183105469,123.58000183105469,9891500
2020-04-30,121.3499984741211,123.44999694824219,120.62000274658203,123.0,123.0,7569800
2020-05-01,119.8499984741211,122.69999694824219,119.43000030517578,120.61000061035156,120.61000061035156,5613800
2020-05-04,121.26000213623047,124.18000030517578,120.30999755859375,123.66000366210938,123.66000366210938,7674400
2020-05-05,124.94000244140625,127.94000244140625,124.8499984741211,125.43000030517578,125.43000030517578,9241900
2020-05-06,127.05000305175781,129.58999633789062,126.12000274658203,128.30999755859375,128.30999755859375,14031200
2020-05-07,139.9199981689453,147.1999969482422,139.27999877929688,146.2899932861328,146.2899932861328,35487900
2020-05-08,143.25,146.39999389648438,142.11000061035156,144.9600067138672,144.9600067138672,13159500
2020-05-11,142.9600067138672,145.27000427246094,142.17999267578125,143.9600067138672,143.9600067138672,10273400
2020-05-12,144.0,145.64999389648438,140.91000366210938,141.02999877929688,141.02999877929688,9757600
2020-05-13,140.1999969482422,145.10000610351562,139.61000061035156,143.72999572753906,143.72999572753906,11142600
2020-05-14,142.07000732421875,144.6999969482422,141.42999267578125,144.41000366210938,144.41000366210938,9272900
2020-05-15,142.89999389648438,145.88999938964844,141.6300048828125,145.50999450683594,145.50999450683594,8361200
2020-05-18,148.125,149.17999267578125,145.99000549316406,146.24000549316406,146.24000549316406,8576400
2020-05-19,146.75,149.72000122070312,145.22000122070312,145.38999938964844,145.38999938964844,7779100
2020-05-20,148.0,151.0800018310547,147.89999389648438,150.94000244140625,150.94000244140625,7811300
2020-05-21,150.5800018310547,150.74000549316406,148.0399932861328,148.22000122070312,148.22000122070312,5612700
2020-05-22,148.25999450683594,151.0,147.36000061035156,150.86000061035156,150.86000061035156,5724100
2020-05-26,154.1199951171875,154.5500030517578,146.2899932861328,147.0,147.0,10267500
2020-05-27,145.47999572753906,146.39999389648438,140.02000427246094,145.9600067138672,145.9600067138672,9554800
2020-05-28,144.72999572753906,151.94500732421875,144.50999450683594,148.7899932861328,148.7899932861328,10026700
2020-05-29,150.5,155.3300018310547,148.92999267578125,155.00999450683594,155.00999450683594,9861900
2020-06-01,154.89999389648438,155.97000122070312,153.0500030517578,154.52999877929688,154.52999877929688,5658300
2020-06-02,156.0,157.60000610351562,154.61000061035156,157.49000549316406,157.49000549316406,6344400
2020-06-03,157.49000549316406,158.27099609375,155.1199951171875,156.77999877929688,156.77999877929688,6732800
2020-06-04,156.6999969482422,159.47999572753906,153.63499450683594,154.60000610351562,154.60000610351562,7554500
2020-06-05,152.97999572753906,156.33999633789062,150.0,156.0,156.0,8446100
2020-06-08,154.27999877929688,156.2100067138672,153.11000061035156,156.08999633789062,156.08999633789062,5494400
2020-06-09,155.7899932861328,158.2100067138672,155.59500122070312,156.86000061035156,156.86000061035156,7265600
2020-06-10,157.60000610351562,160.88999938964844,157.60000610351562,159.91000366210938,159.91000366210938,5881800
2020-06-11,158.33999633789062,159.5,152.9149932861328,153.0399932861328,153.0399932861328,9041700
2020-06-12,157.05999755859375,157.2100067138672,151.88999938964844,155.25999450683594,155.25999450683594,7038100
2020-06-15,152.6300048828125,157.9199981689453,152.22000122070312,157.5500030517578,157.5500030517578,5115000
2020-06-16,160.19000244140625,162.8300018310547,158.3000030517578,161.22000122070312,161.22000122070312,6537300
2020-06-17,162.83999633789062,164.9600067138672,161.66000366210938,163.8300018310547,163.8300018310547,5582600
2020-06-18,164.72000122070312,168.8300018310547,164.30999755859375,168.0500030517578,168.0500030517578,8583700
2020-06-19,170.60000610351562,171.1199951171875,164.00999450683594,164.36000061035156,164.36000061035156,11332700
2020-06-22,165.5800018310547,170.89999389648438,165.5500030517578,170.25999450683594,170.25999450683594,7793800
2020-06-23,172.0,175.39999389648438,170.39999389648438,172.7899932861328,172.7899932861328,7693900
2020-06-24,170.59500122070312,173.47999572753906,164.2899932861328,168.0,168.0,8931800
2020-06-25,169.0,172.77999877929688,168.19000244140625,172.5,172.5,6650700
2020-06-26,173.7100067138672,173.7100067138672,168.60000610351562,170.8699951171875,170.8699951171875,8158700
2020-06-29,171.47999572753906,171.47999572753906,165.55999755859375,168.35000610351562,168.35000610351562,5423700
2020-06-30,170.6999969482422,174.69000244140625,169.41000366210938,174.22999572753906,174.22999572753906,6831900
2020-07-01,174.625,178.23500061035156,172.55999755859375,177.42999267578125,177.42999267578125,6869600
2020-07-02,179.69000244140625,179.8000030517578,176.72000122070312,177.2100067138672,177.2100067138672,5943600
2020-07-06,180.2899932861328,181.24000549316406,174.4600067138672,176.17999267578125,176.17999267578125,8348300
2020-07-07,177.69000244140625,179.9499969482422,176.30999755859375,177.27999877929688,177.27999877929688,5529400
2020-07-08,178.88999938964844,182.63999938964844,178.5,181.57000732421875,181.57000732421875,7233500
2020-07-09,183.39999389648438,183.99000549316406,179.14999389648438,183.22999572753906,183.22999572753906,6340000
2020-07-10,181.6300048828125,182.52000427246094,177.1300048828125,178.39999389648438,178.39999389648438,7583200
2020-07-13,180.4199981689453,180.66000366210938,170.74000549316406,171.50999450683594,171.50999450683594,10234800
2020-07-14,168.75,172.60000610351562,164.3300018310547,172.3000030517578,172.3000030517578,10624500
2020-07-15,172.99000549316406,173.36000061035156,169.00999450683594,172.05999755859375,172.05999755859375,6659700
2020-07-16,169.89999389648438,171.33999633789062,166.5,169.80999755859375,169.80999755859375,6630600
2020-07-17,171.5,174.55999755859375,169.5399932861328,173.9199981689453,173.9199981689453,7354000
